id,seconds_to_complete,solved_by,success_rate
8443,549.5389999999999,6803,0.251
6818,356.5289499999925,6728,0.411
9480,605.4640000000019,4112,0.41
7323,453.9854049999267,3135,0.547
